id,media_id,media_type,media_url,timestamp
17900000000002700,179000000000027,IMAGE,https://instagram.mock/p/estrela_03_child_1.jpg,2026-08-22T00:00:00+0000
17900000000002701,179000000000027,IMAGE,https://instagram.mock/p/estrela_03_child_2.jpg,2026-08-22T00:00:00+0000
17900000000002702,179000000000027,IMAGE,https://instagram.mock/p/estrela_03_child_3.jpg,2026-08-22T00:00:00+0000
17900000000002900,179000000000029,IMAGE,https://instagram.mock/p/estrela_05_child_1.jpg,2026-08-28T02:00:00+0000
17900000000002901,179000000000029,IMAGE,https://instagram.mock/p/estrela_05_child_2.jpg,2026-08-28T02:00:00+0000
17900000000002902,179000000000029,IMAGE,https://instagram.mock/p/estrela_05_child_3.jpg,2026-08-28T02:00:00+0000
17900000000003500,179000000000035,IMAGE,https://instagram.mock/p/estrela_11_child_1.jpg,2026-09-15T08:00:00+0000
17900000000003501,179000000000035,IMAGE,https://instagram.mock/p/estrela_11_child_2.jpg,2026-09-15T08:00:00+0000
17900000000003502,179000000000035,IMAGE,https://instagram.mock/p/estrela_11_child_3.jpg,2026-09-15T08:00:00+0000
17900000000004000,179000000000040,IMAGE,https://instagram.mock/p/estrela_16_child_1.jpg,2026-09-30T13:00:00+0000
17900000000004001,179000000000040,IMAGE,https://instagram.mock/p/estrela_16_child_2.jpg,2026-09-30T13:00:00+0000
17900000000004002,179000000000040,IMAGE,https://instagram.mock/p/estrela_16_child_3.jpg,2026-09-30T13:00:00+0000
